parameter,value,development_recall_at_5,validation_recall_at_5,train_recall_at_5
k1,0.6,0.7828399122807018,0.8318181818181818,0.7628858024691357
k1,0.8,0.788733552631579,0.8482954545454545,0.7644675925925926
k1,1.0,0.7864309210526316,0.8636363636363636,0.7549768518518518
k1,1.2,0.7788925438596491,0.8636363636363636,0.7443672839506172
b,0.0,0.7882401315789473,0.8511363636363637,0.7626157407407407
b,0.2,0.7867050438596491,0.8511363636363637,0.7604552469135802
b,0.4,0.785827850877193,0.8511363636363637,0.7592206790123457
b,0.75,0.7761239035087719,0.8539772727272726,0.7444058641975307
heading_weight,0.0,0.7197094298245614,0.8073863636363636,0.6839891975308641
heading_weight,0.15,0.7885142543859649,0.8181818181818181,0.7764274691358024
heading_weight,0.3,0.8102796052631579,0.8727272727272727,0.7848379629629629
heading_weight,0.45,0.8183936403508772,0.909090909090909,0.7814429012345678
glf_authority_boost,0.0,0.7732661732456141,0.8473011363636364,0.7431037808641975
glf_authority_boost,0.05,0.7811472039473685,0.8501420454545455,0.7530381944444444
glf_authority_boost,0.1,0.7850534539473685,0.8501420454545455,0.7585358796296295
glf_authority_boost,0.15,0.7904331140350878,0.8558238636363636,0.7637924382716049
glf_authority_boost,0.2,0.7912212171052632,0.8558238636363636,0.7649016203703703
