metodo,metrica,antes_revision,despues_revision,diferencia
BM25,recall_at_1,0.4,0.3466666666666666,-0.0533333333333334
BM25,recall_at_3,0.6466666666666667,0.66,0.013333333333333308
BM25,recall_at_5,0.7466666666666667,0.75,0.0033333333333332993
BM25,hit_at_1,0.46,0.46,0.0
BM25,hit_at_3,0.78,0.78,0.0
BM25,hit_at_5,0.86,0.88,0.020000000000000018
BM25,mrr_at_5,0.6113333333333333,0.6196666666666667,0.008333333333333415
E5-base,recall_at_1,0.3066666666666667,0.2916666666666667,-0.015000000000000013
E5-base,recall_at_3,0.5466666666666666,0.5183333333333333,-0.02833333333333332
E5-base,recall_at_5,0.6866666666666668,0.6833333333333332,-0.0033333333333335213
E5-base,hit_at_1,0.4,0.42,0.019999999999999962
E5-base,hit_at_3,0.64,0.68,0.040000000000000036
E5-base,hit_at_5,0.8,0.8,0.0
E5-base,mrr_at_5,0.5436666666666666,0.557,0.01333333333333342
BM25+E5-RRF,recall_at_1,0.5066666666666666,0.46166666666666667,-0.04499999999999993
BM25+E5-RRF,recall_at_3,0.6766666666666667,0.68,0.0033333333333332993
BM25+E5-RRF,recall_at_5,0.7366666666666667,0.75,0.013333333333333308
BM25+E5-RRF,hit_at_1,0.62,0.64,0.020000000000000018
BM25+E5-RRF,hit_at_3,0.8,0.78,-0.020000000000000018
BM25+E5-RRF,hit_at_5,0.86,0.84,-0.020000000000000018
BM25+E5-RRF,mrr_at_5,0.7206666666666667,0.7240000000000001,0.0033333333333334103
