method,split,questions,recall_at_1,recall_at_3,recall_at_5,hit_at_1,hit_at_3,hit_at_5,mrr_at_5,latency_mean_seconds,p50_seconds,p95_seconds
BM25,global,50,0.3466666666666666,0.66,0.75,0.46,0.78,0.88,0.6196666666666667,0.002181141999317333,0.002069299982395023,0.003398200002266094
E5-base,global,50,0.2916666666666667,0.5183333333333333,0.6833333333333332,0.42,0.68,0.8,0.557,0.03660719599982258,0.03646780000417493,0.04033389998949133
BM25+E5-RRF,global,50,0.46166666666666667,0.68,0.75,0.64,0.78,0.84,0.7240000000000001,0.03875629200192634,0.03813839997746982,0.044758700008969754
BM25,train,27,0.2777777777777778,0.5185185185185185,0.6296296296296297,0.4074074074074074,0.7037037037037037,0.8148148148148148,0.5691358024691359,0.002271481478129755,0.002302999986568466,0.003881199983879924
E5-base,train,27,0.21296296296296297,0.39814814814814814,0.6111111111111112,0.37037037037037035,0.6296296296296297,0.7407407407407407,0.49938271604938267,0.036416051853275684,0.03661370000918396,0.03971749998163432
BM25+E5-RRF,train,27,0.3055555555555556,0.5740740740740741,0.6666666666666666,0.5555555555555556,0.7407407407407407,0.8148148148148148,0.6666666666666666,0.039367277780978906,0.03951930001494475,0.045119999995222315
BM25,validation,11,0.21212121212121213,0.7272727272727273,0.8181818181818182,0.2727272727272727,0.7272727272727273,0.9090909090909091,0.5106060606060606,0.001973145458826118,0.001795999996829778,0.0031464000057894737
E5-base,validation,11,0.3939393939393939,0.6060606060606061,0.6515151515151515,0.45454545454545453,0.6363636363636364,0.7272727272727273,0.5636363636363636,0.0361600545451934,0.035846800019498914,0.04019719999632798
BM25+E5-RRF,validation,11,0.4848484848484848,0.6363636363636364,0.6818181818181818,0.5454545454545454,0.6363636363636364,0.7272727272727273,0.6090909090909091,0.03910160000139678,0.039365500007988885,0.04320509999524802
BM25,test,12,0.625,0.9166666666666666,0.9583333333333334,0.75,1.0,1.0,0.8333333333333334,0.0021685416674396643,0.002069299982395023,0.003171199990902096
E5-base,test,12,0.375,0.7083333333333334,0.875,0.5,0.8333333333333334,1.0,0.6805555555555555,0.0374471499962965,0.03646780000417493,0.046046400006162
BM25+E5-RRF,test,12,0.7916666666666666,0.9583333333333334,1.0,0.9166666666666666,1.0,1.0,0.9583333333333334,0.03706504166621016,0.03664710000157356,0.04119459999492392
